config,idf1,mota
"ByteTrack high=0.6, max_age=30, iou=0.2",0.4611699352065052,0.3319940597912883
"ByteTrack high=0.6, max_age=60, iou=0.2",0.46085616054202505,0.33127120306149216
"single cutoff=0.3, max_age=30, iou=0.2",0.4546089676390544,0.32012968596708785
"ByteTrack high=0.6, max_age=30, iou=0.3",0.45067282733529823,0.3339404977143045
"single cutoff=0.3, max_age=60, iou=0.2",0.4506070316648736,0.3180402600504026
"ByteTrack high=0.6, max_age=60, iou=0.3",0.44977671952477133,0.3319887845438549
"ByteTrack high=0.5, max_age=30, iou=0.3",0.4496770435371704,0.3230242795908527
"ByteTrack high=0.5, max_age=60, iou=0.3",0.4487855415040065,0.3201982797449242
"ByteTrack high=0.5, max_age=30, iou=0.2",0.44700769400456747,0.3131343344015295
"ByteTrack high=0.5, max_age=60, iou=0.2",0.44677657667245174,0.3109203877474924
"single cutoff=0.3, max_age=60, iou=0.3",0.44559687173737805,0.3251073720983776
"single cutoff=0.3, max_age=30, iou=0.3",0.44132000122057624,0.3260302019430853
"single cutoff=0.5, max_age=60, iou=0.3",0.43829153617273087,0.3373875412365041
"single cutoff=0.5, max_age=30, iou=0.3",0.4363506099367816,0.3371485250661046
"ByteTrack high=0.7, max_age=30, iou=0.3",0.4362093824669103,0.31607068262020793
"ByteTrack high=0.7, max_age=60, iou=0.3",0.4348640004376258,0.31151668522249215
"ByteTrack high=0.7, max_age=30, iou=0.2",0.4279893089932555,0.3146956714813052
"single cutoff=0.5, max_age=30, iou=0.2",0.4276781056312633,0.3357181121582495
"ByteTrack high=0.7, max_age=60, iou=0.2",0.4271360133467656,0.31274395831085555
"single cutoff=0.5, max_age=60, iou=0.2",0.42429663715519117,0.33570650350165554
"single cutoff=0.1, max_age=30, iou=0.3",0.3784465333279944,0.13745963550670082
"single cutoff=0.1, max_age=30, iou=0.2",0.3778926987557134,0.10532786997171756
"single cutoff=0.1, max_age=60, iou=0.2",0.36999960283763056,0.10038131791506633
"single cutoff=0.1, max_age=60, iou=0.3",0.368821832141701,0.12794061879601626
