threshold,max_speed_bh,margin,summary_f1,wrong_links,correct_links
0.8,,0.05,0.7903462195769283,0.7,0.1
0.9,1.0,0.05,0.7716613537874288,0.5,0.2
0.9,2.0,0.05,0.7716613537874288,0.5,0.2
0.9,,0.05,0.7698205419910121,0.4,0.1
0.8,2.0,0.05,0.7626113208687787,0.5,0.1
0.8,1.0,0.05,0.7618199125854732,0.5,0.1
0.85,,0.05,0.7583721963272885,0.4,0.1
0.85,2.0,0.05,0.7571042708788666,0.5,0.1
0.85,1.0,0.05,0.7548515373247119,0.6,0.1
0.95,,0.05,0.7393268594200916,0.0,0.2
0.95,1.0,0.05,0.7393268594200916,0.0,0.2
0.95,2.0,0.05,0.7393268594200916,0.0,0.2
0.85,1.0,0.0,0.7375206207581844,1.5,0.3
0.9,1.0,0.0,0.7309556538765837,1.1,0.2
0.9,2.0,0.0,0.7309556538765837,1.1,0.2
0.9,,0.0,0.7281909710480747,1.2,0.3
0.8,1.0,0.0,0.7263543115516603,2.4,0.3
0.95,,0.0,0.7218897544207975,0.2,0.2
0.95,1.0,0.0,0.7218897544207975,0.2,0.2
0.95,2.0,0.0,0.7218897544207975,0.2,0.2
0.85,,0.0,0.718531417415764,1.5,0.3
0.8,,0.0,0.7168903635771601,2.6,0.3
0.85,2.0,0.0,0.7066949349208004,1.6,0.2
0.8,2.0,0.0,0.6978193075992616,2.5,0.2
