sequence,target,relink,target_recall,target_precision,compression,n_track_ids,correct_links,wrong_links
MOT17-02-FRCNN,26,none,0.8729411764705882,0.6794871794871795,0.91,3,0,0
MOT17-02-FRCNN,26,parts,1.0,0.7083333333333334,1.0,3,0,1
MOT17-02-FRCNN,29,none,0.8660049627791563,0.6391941391941391,0.91,5,0,0
MOT17-02-FRCNN,29,parts,1.0,0.6716666666666666,1.0,5,0,1
MOT17-02-FRCNN,23,none,0.8913043478260869,0.6007326007326007,0.91,2,0,0
MOT17-02-FRCNN,23,parts,1.0,0.6133333333333333,1.0,2,0,1
MOT17-02-FRCNN,27,none,0.8932384341637011,0.8776223776223776,0.4766666666666667,4,0,0
MOT17-02-FRCNN,27,parts,0.8932384341637011,0.6275,0.6666666666666666,4,0,1
MOT17-02-FRCNN,10,none,0.703971119133574,0.9798994974874372,0.33166666666666667,3,0,0
MOT17-02-FRCNN,10,parts,1.0,0.5758835758835759,0.8016666666666666,3,2,3
MOT17-04-FRCNN,74,none,0.27634194831013914,0.996415770609319,0.26571428571428574,3,0,0
MOT17-04-FRCNN,74,parts,0.9025844930417495,0.9649309245483528,0.8961904761904762,3,1,0
MOT17-04-FRCNN,68,none,0.8586065573770492,1.0,0.7980952380952381,2,0,0
MOT17-04-FRCNN,68,parts,0.9098360655737705,1.0,0.8457142857142858,2,1,0
MOT17-04-FRCNN,69,none,0.0106951871657754,1.0,0.009523809523809525,3,0,0
MOT17-04-FRCNN,69,parts,0.6930481283422459,0.9012517385257302,0.6847619047619048,3,0,3
MOT17-04-FRCNN,98,none,0.04565217391304348,0.3387096774193548,0.1180952380952381,2,0,0
MOT17-04-FRCNN,98,parts,0.616304347826087,0.8736517719568567,0.6180952380952381,2,1,5
MOT17-04-FRCNN,93,none,0.5505882352941176,0.7027027027027027,0.6342857142857142,3,0,0
MOT17-04-FRCNN,93,parts,0.6741176470588235,0.7431906614785992,0.7342857142857143,3,0,1
MOT17-05-FRCNN,128,none,0.1897018970189702,0.9210526315789473,0.0908004778972521,4,0,0
MOT17-05-FRCNN,128,parts,0.8807588075880759,0.885558583106267,0.43847072879330945,4,1,2
MOT17-05-FRCNN,125,none,1.0,0.790625,0.3823178016726404,1,0,0
MOT17-05-FRCNN,125,parts,1.0,0.38685015290519875,0.7813620071684588,1,0,5
MOT17-05-FRCNN,129,none,0.9736842105263158,0.9135802469135802,0.2903225806451613,1,0,0
MOT17-05-FRCNN,129,parts,0.9736842105263158,0.9135802469135802,0.2903225806451613,1,0,0
MOT17-05-FRCNN,2,none,1.0,0.5026178010471204,0.45639187574671447,3,0,0
MOT17-05-FRCNN,2,parts,1.0,0.30670926517571884,0.7479091995221028,3,0,11
MOT17-05-FRCNN,71,none,0.10606060606060606,0.08433734939759036,0.1983273596176822,2,0,0
MOT17-05-FRCNN,71,parts,0.7196969696969697,0.3321678321678322,0.34169653524492233,2,0,1
MOT17-09-FRCNN,22,none,0.29357798165137616,1.0,0.18285714285714286,3,0,0
MOT17-09-FRCNN,22,parts,0.9541284403669725,0.7155963302752294,0.8304761904761905,3,1,1
MOT17-09-FRCNN,21,none,0.11392405063291139,1.0,0.06857142857142857,2,0,0
MOT17-09-FRCNN,21,parts,0.27848101265822783,0.4036697247706422,0.41523809523809524,2,0,2
MOT17-09-FRCNN,23,none,0.5093457943925234,0.9819819819819819,0.21142857142857144,3,0,0
MOT17-09-FRCNN,23,parts,0.6355140186915887,0.5074626865671642,0.5104761904761905,3,0,2
MOT17-09-FRCNN,11,none,0.22099447513812154,0.4878048780487805,0.15619047619047619,3,0,0
MOT17-09-FRCNN,11,parts,0.9171270718232044,0.5971223021582733,0.5295238095238095,3,1,1
MOT17-09-FRCNN,29,none,0.04938271604938271,0.6153846153846154,0.024761904761904763,4,0,0
MOT17-09-FRCNN,29,parts,0.9074074074074074,0.49328859060402686,0.5676190476190476,4,1,2
MOT17-10-FRCNN,13,none,0.1523972602739726,1.0,0.13608562691131498,7,0,0
MOT17-10-FRCNN,13,parts,0.7277397260273972,1.0,0.6498470948012233,7,0,8
MOT17-10-FRCNN,18,none,0.1619047619047619,0.6159420289855072,0.21100917431192662,8,0,0
MOT17-10-FRCNN,18,parts,0.6819047619047619,0.8483412322274881,0.6452599388379205,8,1,5
MOT17-10-FRCNN,12,none,0.0,,0.0,0,0,0
MOT17-10-FRCNN,12,parts,0.0,,0.0,0,0,0
MOT17-10-FRCNN,23,none,0.03218390804597701,0.1891891891891892,0.11314984709480122,8,0,0
MOT17-10-FRCNN,23,parts,0.4896551724137931,0.56951871657754,0.5718654434250765,8,0,8
MOT17-10-FRCNN,14,none,0.09239130434782608,1.0,0.05198776758409786,6,0,0
MOT17-10-FRCNN,14,parts,0.7119565217391305,0.8851351351351351,0.4525993883792049,6,2,6
MOT17-11-FRCNN,25,none,0.7688022284122563,0.7785613540197461,0.7877777777777778,6,0,0
MOT17-11-FRCNN,25,parts,0.9818941504178273,0.8057142857142857,0.9722222222222222,6,0,2
MOT17-11-FRCNN,32,none,0.240625,0.7129629629629629,0.12,3,0,0
MOT17-11-FRCNN,32,parts,0.953125,0.8892128279883382,0.3811111111111111,3,2,0
MOT17-11-FRCNN,39,none,0.066006600660066,1.0,0.022222222222222223,4,0,0
MOT17-11-FRCNN,39,parts,0.9471947194719472,0.8107344632768362,0.3933333333333333,4,3,2
MOT17-11-FRCNN,6,none,0.13366336633663367,1.0,0.03,4,0,0
MOT17-11-FRCNN,6,parts,0.8514851485148515,0.9942196531791907,0.1922222222222222,4,2,0
MOT17-11-FRCNN,31,none,0.1111111111111111,0.08837209302325581,0.2388888888888889,2,0,0
MOT17-11-FRCNN,31,parts,0.49122807017543857,0.2441860465116279,0.38222222222222224,2,1,4
MOT17-13-FRCNN,47,none,0.135678391959799,1.0,0.036,9,0,0
MOT17-13-FRCNN,47,parts,0.45226130653266333,0.2107728337236534,0.5693333333333334,9,1,14
MOT17-13-FRCNN,35,none,0.8787878787878788,0.9119496855345912,0.212,2,0,0
MOT17-13-FRCNN,35,parts,0.8787878787878788,0.35802469135802467,0.54,2,0,6
MOT17-13-FRCNN,155,none,0.08496732026143791,0.4482758620689655,0.03866666666666667,2,0,0
MOT17-13-FRCNN,155,parts,0.8954248366013072,0.541501976284585,0.3373333333333333,2,0,3
MOT17-13-FRCNN,34,none,0.5476190476190477,0.75,0.12266666666666666,6,0,0
MOT17-13-FRCNN,34,parts,0.5476190476190477,0.13995943204868155,0.6573333333333333,6,0,11
MOT17-13-FRCNN,160,none,0.22727272727272727,0.44642857142857145,0.07466666666666667,1,0,0
MOT17-13-FRCNN,160,parts,0.5,0.1864406779661017,0.3933333333333333,1,0,5
